{
    "harvester": {
        "type": "csv",
        "csv": {
            "fileLocation": "${fascinator.home}/data/Activities_NHMRC_2010_UoN.csv",
            "idColumn": "ID",
            "recordIDPrefix": "http://purl.org/au-research/grants/nhmrc/",
            "headerRow": true,
            "delimiter": ",",
            "ignoredFields": [],
            "includedFields" : [
                "ID",
                "Submit Year",
                "Start Year",
                "Title",
                "Description",
                "Institution",
                "Investigators",
                "Discipline"
            ]
        }
    },

    "transformer": {
        "curation": [],
        "metadata": []
    },
    "curation": {
        "neverPublish": true,
        "alreadyCurated": true
    },

    "transformerOverrides": {
        "jsonVelocity": {
            "templatesPath" : "${fascinator.home}/templates/activities",
            "portalId": "Activities"
        }
    },

    "indexer": {
        "script": {
            "type": "python",
            "rules": "Activities.py"
        },
        "params": {
            "repository.name": "NHMRC Research Funding 2010",
            "repository.type": "Research Activities"
        }
    }
}
