{
    "recordIDPrefix": "http://id.loc.gov/vocabulary/iso639-2/",
    "data": {
        "alpha3": "chu\",\"\",\"cu\",\"Church Slavic; Old Slavonic; Church Slavonic; Old Bulgarian; Old Church Slavonic\",\"slavon d'église; vieux slave; slavon liturgique; vieux bulgare"
    },
    "metadata": {
        "dc.identifier": "http://id.loc.gov/vocabulary/iso639-2/chu\",\"\",\"cu\",\"Church Slavic; Old Slavonic; Church Slavonic; Old Bulgarian; Old Church Slavonic\",\"slavon d'église; vieux slave; slavon liturgique; vieux bulgare"
    }
}